reach_id,pass,total_fish
ARIK.20160412.01,1,4
ARIK.20160412.01,2,2
ARIK.20160412.01,3,4
ARIK.20160412.03,1,17
ARIK.20160413.04,1,41
ARIK.20160413.06,1,26
ARIK.20160413.06,2,10
ARIK.20160413.06,3,18
ARIK.20160413.07,1,6
ARIK.20160414.09,1,47
ARIK.20160414.09,2,29
ARIK.20160414.09,3,19
ARIK.20161011.01,1,15
ARIK.20161011.01,2,10
ARIK.20161011.01,3,11
ARIK.20161011.03,1,56
ARIK.20161011.06,1,54
ARIK.20161011.06,2,40
ARIK.20161011.06,3,14
ARIK.20161012.07,1,84
ARIK.20161012.09,1,19
ARIK.20161012.09,2,27
ARIK.20161012.09,3,28
ARIK.20170410.01,1,15
ARIK.20170410.01,2,7
ARIK.20170410.01,3,6
ARIK.20170410.02,1,29
ARIK.20170410.05,1,22
ARIK.20170411.06,1,99
ARIK.20170411.06,2,67
ARIK.20170411.06,3,57
ARIK.20170411.10,1,76
ARIK.20170412.09,1,82
ARIK.20170412.09,2,24
ARIK.20170412.09,3,22
ARIK.20171017.01,1,78
ARIK.20171017.01,2,30
ARIK.20171017.01,3,40
ARIK.20171017.02,1,265
ARIK.20171017.05,1,23
ARIK.20171018.06,1,82
ARIK.20171018.06,2,52
ARIK.20171018.06,3,55
ARIK.20171018.10,1,54
ARIK.20171019.09,1,81
ARIK.20171019.09,2,47
ARIK.20171019.09,3,13
ARIK.20180402.01,1,66
ARIK.20180402.01,2,44
ARIK.20180402.01,3,32
ARIK.20180402.04,1,59
ARIK.20180403.04,1,75
ARIK.20180403.06,1,48
ARIK.20180403.06,2,44
ARIK.20180403.06,3,19
ARIK.20180404.08,1,15
ARIK.20180404.09,1,71
ARIK.20180404.09,2,43
ARIK.20180404.09,3,20
ARIK.20181015.01,1,251
ARIK.20181015.01,2,202
ARIK.20181015.01,3,141
ARIK.20181017.06,1,29
ARIK.20181017.06,2,13
ARIK.20181017.06,3,159
ARIK.20181017.08,1,160
ARIK.20181018.09,1,208
ARIK.20181018.09,2,159
ARIK.20181018.09,3,155
ARIK.20190409.01,1,44
ARIK.20190409.01,2,29
ARIK.20190409.01,3,23
ARIK.20190409.02,1,26
ARIK.20190409.05,1,59
ARIK.20190409.07,1,59
ARIK.20190410.06,1,100
ARIK.20190410.06,2,71
ARIK.20190410.06,3,32
ARIK.20190410.09,1,107
ARIK.20191014.01,1,168
ARIK.20191014.01,2,222
ARIK.20191014.01,3,139
ARIK.20191015.02,1,343
ARIK.20191015.05,1,58
ARIK.20191015.06,1,211
ARIK.20191015.06,2,184
ARIK.20191015.06,3,130
ARIK.20191016.07,1,320
ARIK.20191016.09,1,318
ARIK.20191016.09,2,260
ARIK.20191016.09,3,147
ARIK.20210405.01,1,4
ARIK.20210405.01,3,8
ARIK.20210405.02,1,5
ARIK.20210406.05,1,1
ARIK.20210406.06,1,2
ARIK.20210406.06,2,3
ARIK.20210406.06,3,5
ARIK.20210407.08,1,4
ARIK.20210408.09,1,7
ARIK.20210408.09,2,5
ARIK.20210408.09,3,6
ARIK.20220329.01,1,1
ARIK.20220329.01,3,1
ARIK.20220329.03,1,6
ARIK.20220329.04,1,22
ARIK.20220330.06,1,3
ARIK.20220330.06,2,7
ARIK.20220330.06,3,4
ARIK.20220331.09,1,2
ARIK.20220331.09,2,1
ARIK.20220331.09,3,8
ARIK.20220331.10,1,1
BIGC.20180515.01,1,9
BIGC.20180515.01,2,14
BIGC.20180515.01,3,18
BIGC.20180516.02,1,34
BIGC.20180516.03,1,25
BIGC.20180517.04,1,59
BIGC.20180517.04,2,42
BIGC.20180517.04,3,18
BIGC.20180518.06,1,48
BIGC.20180518.07,3,1
BIGC.20180518.09,1,56
BIGC.20180518.09,2,36
BIGC.20180518.09,3,19
BIGC.20181015.01,1,34
BIGC.20181015.01,2,22
BIGC.20181015.01,3,15
BIGC.20181016.02,1,60
BIGC.20181016.03,1,55
BIGC.20181017.04,1,68
BIGC.20181017.04,2,29
BIGC.20181017.04,3,8
BIGC.20181017.06,1,44
BIGC.20181018.07,1,62
BIGC.20181018.07,2,14
BIGC.20181018.07,3,9
BIGC.20190422.01,1,27
BIGC.20190422.01,2,7
BIGC.20190422.01,3,10
BIGC.20190423.04,1,36
BIGC.20190423.04,2,23
BIGC.20190423.04,3,17
BIGC.20190424.05,1,38
BIGC.20190424.07,1,15
BIGC.20190424.07,2,12
BIGC.20190424.07,3,7
BIGC.20190425.08,1,40
BIGC.20190425.09,1,33
BIGC.20191021.01,1,54
BIGC.20191021.01,2,11
BIGC.20191021.01,3,10
BIGC.20191022.04,1,71
BIGC.20191022.04,2,26
BIGC.20191022.04,3,22
BIGC.20191023.05,1,76
BIGC.20191023.07,1,53
BIGC.20191023.07,2,8
BIGC.20191023.07,3,12
BIGC.20191024.08,1,87
BIGC.20191024.09,1,80
BIGC.20210419.01,1,39
BIGC.20210419.01,2,21
BIGC.20210419.01,3,8
BIGC.20210420.03,1,42
BIGC.20210420.04,1,25
BIGC.20210420.04,2,8
BIGC.20210420.04,3,3
BIGC.20210421.05,1,37
BIGC.20210421.07,1,44
BIGC.20210421.07,2,23
BIGC.20210421.07,3,12
BIGC.20210422.09,1,77
BIGC.20220425.01,1,24
BIGC.20220425.01,2,9
BIGC.20220425.01,3,13
BIGC.20220426.02,1,31
BIGC.20220426.04,1,57
BIGC.20220426.04,2,27
BIGC.20220426.04,3,14
BIGC.20220427.07,1,61
BIGC.20220427.07,2,20
BIGC.20220427.07,3,6
BIGC.20220427.08,1,39
BIGC.20220428.10,1,64
BIGC.20221011.01,1,12
BIGC.20221011.01,2,8
BIGC.20221011.01,3,2
BLDE.20180917.01,1,17
BLDE.20180918.02,1,14
BLDE.20180918.02,2,11
BLDE.20180918.02,3,4
BLDE.20180918.03,1,23
BLDE.20180918.03,2,9
BLDE.20180918.03,3,14
BLDE.20180919.06,1,14
BLDE.20180919.06,2,10
BLDE.20180919.06,3,8
BLDE.20180920.07,1,11
BLDE.20180920.08,1,11
BLDE.20190923.02,1,22
BLDE.20190923.02,2,15
BLDE.20190923.02,3,10
BLDE.20190924.03,1,48
BLDE.20190924.03,2,23
BLDE.20190924.03,3,11
BLDE.20190924.04,1,31
BLDE.20190925.06,1,26
BLDE.20190925.06,2,19
BLDE.20190925.06,3,18
BLDE.20190926.09,1,28
BLDE.20190926.10,1,52
BLDE.20201006.02,1,23
BLDE.20201006.02,2,16
BLDE.20201006.02,3,11
BLDE.20210927.01,1,33
BLDE.20210927.02,1,36
BLDE.20210927.02,2,14
BLDE.20210927.02,3,14
BLDE.20210928.03,1,54
BLDE.20210928.03,2,26
BLDE.20210928.03,3,25
BLDE.20210928.04,1,36
BLDE.20210929.06,1,47
BLDE.20210929.06,2,26
BLDE.20210929.06,3,22
BLDE.20210929.10,1,63
BLUE.20170321.06,1,314
BLUE.20170322.07,1,138
BLUE.20170322.07,2,151
BLUE.20170322.07,3,175
BLUE.20170323.02,1,51
BLUE.20170323.02,2,107
BLUE.20170323.02,3,117
BLUE.20170324.04,1,28
BLUE.20170324.04,2,66
BLUE.20170324.04,3,38
BLUE.20171030.05,1,181
BLUE.20171031.02,1,190
BLUE.20171031.02,2,96
BLUE.20171031.02,3,55
BLUE.20171101.04,1,223
BLUE.20171101.04,2,115
BLUE.20171101.04,3,66
BLUE.20171102.07,1,194
BLUE.20171102.07,2,190
BLUE.20171102.07,3,160
BLUE.20171103.06,1,378
BLUE.20171103.10,1,274
BLUE.20180326.09,1,236
BLUE.20180409.07,1,214
BLUE.20180409.07,2,121
BLUE.20180410.01,1,2
BLUE.20180410.02,1,174
BLUE.20220329.04,1,672
BLUE.20220329.04,2,375
BLUE.20220329.04,3,175
BLUE.20220330.05,1,60
CARI.20160926.01,1,9
CARI.20160926.01,2,8
CARI.20160926.01,3,2
CARI.20160927.02,1,10
CARI.20160927.05,1,3
CARI.20160928.06,1,1
CARI.20160928.08,1,2
CARI.20170524.09,1,1
CARI.20180904.01,1,1
CARI.20180904.01,2,1
CARI.20190520.01,1,1
CARI.20190916.04,1,1
CARI.20190917.10,1,1
CARI.20190917.10,2,1
CARI.20210524.02,1,2
CARI.20210525.03,1,1
CARI.20210525.06,3,1
CARI.20210526.10,1,1
CARI.20220531.01,1,2
CARI.20220531.01,2,1
CARI.20220602.05,1,1
CARI.20220825.01,1,24
CARI.20220825.01,2,15
CARI.20220825.01,3,17
CARI.20220825.04,1,5
CARI.20220826.05,1,23
CARI.20220826.06,1,9
CARI.20220826.06,2,1
CARI.20220826.06,3,1
CARI.20220826.07,1,28
CARI.20220829.10,1,12
CARI.20220829.10,2,1
CARI.20220829.10,3,1
CUPE.20170213.03,1,20
CUPE.20170213.03,2,8
CUPE.20170213.03,3,10
CUPE.20170214.04,1,30
CUPE.20170214.05,1,24
CUPE.20170215.06,1,38
CUPE.20170215.06,2,22
CUPE.20170215.06,3,4
CUPE.20170216.08,1,8
CUPE.20170216.08,2,14
CUPE.20170216.08,3,2
CUPE.20170217.10,1,18
CUPE.20171211.03,1,5
CUPE.20171211.03,2,1
CUPE.20171211.03,3,2
CUPE.20171211.04,1,4
CUPE.20171212.05,1,5
CUPE.20171212.06,1,6
CUPE.20171212.06,2,3
CUPE.20171212.06,3,2
CUPE.20171213.08,1,5
CUPE.20171213.08,2,4
CUPE.20171213.08,3,2
CUPE.20171214.10,1,5
CUPE.20180212.01,1,8
CUPE.20180212.02,1,4
CUPE.20180213.03,1,4
CUPE.20180213.03,2,1
CUPE.20180214.06,3,2
CUPE.20180214.07,1,7
CUPE.20180215.08,1,3
CUPE.20180215.08,2,4
CUPE.20180215.08,3,1
CUPE.20181126.01,1,9
CUPE.20181126.02,1,12
CUPE.20181127.03,1,7
CUPE.20181127.03,2,3
CUPE.20181127.03,3,3
CUPE.20181128.06,1,6
CUPE.20181128.06,2,3
CUPE.20181128.06,3,5
CUPE.20181128.07,1,8
CUPE.20181129.08,1,8
CUPE.20181129.08,2,4
CUPE.20181129.08,3,2
CUPE.20190204.03,1,18
CUPE.20190204.03,2,9
CUPE.20190204.03,3,3
CUPE.20190205.05,1,11
CUPE.20190205.06,1,26
CUPE.20190205.06,2,20
CUPE.20190205.06,3,5
CUPE.20190206.08,1,5
CUPE.20190207.09,1,7
CUPE.20190207.10,1,9
CUPE.20191202.03,1,14
CUPE.20191202.03,2,8
CUPE.20191202.03,3,4
CUPE.20191203.05,1,9
CUPE.20191203.06,1,20
CUPE.20191203.06,2,25
CUPE.20191203.06,3,19
CUPE.20191204.08,1,4
CUPE.20191204.08,2,3
CUPE.20191204.08,3,3
CUPE.20191205.09,1,7
CUPE.20191205.10,1,8
CUPE.20210222.03,1,41
CUPE.20210222.03,2,12
CUPE.20210222.03,3,8
CUPE.20211213.03,1,47
CUPE.20211213.03,2,32
CUPE.20211213.03,3,22
CUPE.20220221.03,1,56
CUPE.20220221.03,2,50
CUPE.20220221.03,3,14
CUPE.20220222.04,1,57
CUPE.20220222.05,1,37
GUIL.20170220.04,1,187
GUIL.20171204.02,3,1
GUIL.20171205.05,1,4
GUIL.20171205.05,2,5
GUIL.20171205.05,3,6
GUIL.20171206.07,1,2
GUIL.20171207.09,1,4
GUIL.20171207.09,2,2
GUIL.20171207.09,3,11
GUIL.20180205.01,1,24
GUIL.20180206.02,1,6
GUIL.20180206.02,2,3
GUIL.20180206.02,3,3
GUIL.20180206.03,1,11
GUIL.20180207.05,1,17
GUIL.20180207.05,2,12
GUIL.20180207.05,3,10
GUIL.20180207.06,1,30
GUIL.20180208.09,1,83
GUIL.20180208.09,2,47
GUIL.20180208.09,3,47
GUIL.20181203.01,1,662
GUIL.20181204.02,1,494
GUIL.20181204.02,2,374
GUIL.20181204.02,3,109
GUIL.20181205.03,1,424
GUIL.20181205.05,1,509
GUIL.20181205.05,2,343
GUIL.20181205.05,3,382
GUIL.20181206.06,1,926
GUIL.20181207.09,1,436
GUIL.20181207.09,2,196
GUIL.20181207.09,3,76
GUIL.20190211.02,1,790
GUIL.20190211.02,2,729
GUIL.20190212.05,1,962
GUIL.20190212.05,2,614
GUIL.20190212.05,3,436
GUIL.20190213.07,1,806
GUIL.20190213.08,1,387
GUIL.20190214.09,1,464
GUIL.20190214.09,2,97
GUIL.20190214.09,3,54
GUIL.20190214.10,1,216
GUIL.20191118.02,1,622
GUIL.20191118.02,2,512
GUIL.20191119.05,1,733
GUIL.20191119.05,2,490
GUIL.20191119.05,3,209
GUIL.20191120.07,1,240
GUIL.20191120.08,1,380
GUIL.20191121.09,1,537
GUIL.20191121.09,2,246
GUIL.20191121.09,3,119
GUIL.20210223.09,1,670
GUIL.20210223.09,2,416
GUIL.20210223.09,3,260
GUIL.20211214.09,1,343
GUIL.20211214.09,2,370
GUIL.20211214.09,3,291
GUIL.20220223.06,1,575
GUIL.20220223.07,1,315
GUIL.20220224.09,1,473
GUIL.20220224.09,2,318
GUIL.20220224.09,3,155
HOPB.20161024.03,1,78
HOPB.20161025.04,1,72
HOPB.20161025.04,2,36
HOPB.20161025.04,3,21
HOPB.20161025.05,1,89
HOPB.20161026.06,1,90
HOPB.20161026.06,2,55
HOPB.20161026.06,3,41
HOPB.20161027.09,1,160
HOPB.20161027.10,1,157
HOPB.20161027.10,2,109
HOPB.20161027.10,3,71
HOPB.20170501.01,1,14
HOPB.20170501.02,1,14
HOPB.20170502.04,1,6
HOPB.20170502.04,2,4
HOPB.20170502.04,3,12
HOPB.20170503.06,1,25
HOPB.20170503.06,2,14
HOPB.20170503.06,3,8
HOPB.20170503.08,1,140
HOPB.20170503.10,1,87
HOPB.20170503.10,2,61
HOPB.20170503.10,3,33
HOPB.20171023.01,1,45
HOPB.20171023.02,1,127
HOPB.20171024.04,1,49
HOPB.20171024.04,2,25
HOPB.20171024.04,3,21
HOPB.20171103.06,1,25
HOPB.20171103.06,2,21
HOPB.20171103.06,3,15
HOPB.20171108.08,1,51
HOPB.20171108.10,1,96
HOPB.20171108.10,2,54
HOPB.20171108.10,3,29
HOPB.20180430.04,1,17
HOPB.20180430.04,2,10
HOPB.20180430.04,3,13
HOPB.20180501.05,1,54
HOPB.20180501.06,1,18
HOPB.20180501.06,2,20
HOPB.20180501.06,3,16
HOPB.20180502.07,1,71
HOPB.20180502.09,1,69
HOPB.20180503.10,1,91
HOPB.20180503.10,2,53
HOPB.20180503.10,3,36
HOPB.20181022.04,1,24
HOPB.20181022.04,2,19
HOPB.20181022.04,3,9
HOPB.20181023.05,1,61
HOPB.20181023.06,1,27
HOPB.20181023.06,2,18
HOPB.20181023.06,3,11
HOPB.20181024.07,1,50
HOPB.20181024.09,1,52
HOPB.20181025.10,1,86
HOPB.20181025.10,2,57
HOPB.20181025.10,3,34
HOPB.20190506.01,1,23
HOPB.20190506.03,1,27
HOPB.20190507.04,1,20
HOPB.20190507.04,2,7
HOPB.20190507.04,3,7
HOPB.20190508.06,1,10
HOPB.20190508.06,2,7
HOPB.20190508.06,3,5
HOPB.20190508.08,1,44
HOPB.20190509.10,1,76
HOPB.20190509.10,2,38
HOPB.20190509.10,3,25
HOPB.20191021.01,1,66
HOPB.20191021.03,1,186
HOPB.20191022.04,1,57
HOPB.20191022.04,2,39
HOPB.20191022.04,3,28
HOPB.20191024.06,1,30
HOPB.20191024.06,2,19
HOPB.20191024.06,3,13
HOPB.20191024.08,1,161
HOPB.20191025.10,1,128
HOPB.20191025.10,2,94
HOPB.20191025.10,3,73
HOPB.20201026.02,1,95
HOPB.20201026.04,1,56
HOPB.20201026.04,2,18
HOPB.20201026.04,3,15
HOPB.20201027.06,1,76
HOPB.20201027.06,2,28
HOPB.20201027.06,3,22
HOPB.20201028.07,1,97
HOPB.20201028.09,1,131
HOPB.20201029.10,1,162
HOPB.20201029.10,2,114
HOPB.20201029.10,3,46
HOPB.20210503.03,1,50
HOPB.20210504.04,1,10
HOPB.20210504.04,2,13
HOPB.20210504.04,3,11
HOPB.20210504.05,1,65
HOPB.20211029.04,1,31
HOPB.20211029.04,2,20
HOPB.20211029.04,3,13
HOPB.20220503.01,1,29
HOPB.20220504.02,1,42
HOPB.20220505.04,1,4
HOPB.20220505.04,3,3
HOPB.20220506.06,1,34
HOPB.20220506.06,2,14
HOPB.20220506.06,3,5
HOPB.20221024.01,1,87
HOPB.20221025.02,1,97
HOPB.20221025.04,1,69
HOPB.20221025.04,2,36
HOPB.20221025.04,3,31
HOPB.20221026.06,1,56
HOPB.20221026.06,2,32
HOPB.20221026.06,3,27
KING.20170411.01,1,30
KING.20170411.01,2,72
KING.20170411.01,3,50
KING.20170411.02,1,19
KING.20170412.03,1,42
KING.20170412.03,2,18
KING.20170412.03,3,23
KING.20170413.04,1,26
KING.20170413.04,2,37
KING.20170413.04,3,29
KING.20170413.05,1,33
KING.20170413.06,1,85
KING.20171017.01,1,1359
KING.20171017.01,2,594
KING.20171018.01,3,1759
KING.20171018.02,1,499
KING.20171019.03,1,453
KING.20171019.03,2,236
KING.20171019.03,3,255
KING.20171020.04,1,314
KING.20171020.04,2,231
KING.20171020.04,3,280
KING.20171020.05,1,195
KING.20180411.01,1,247
KING.20180411.01,2,371
KING.20180412.01,3,535
KING.20180412.03,1,192
KING.20180412.03,2,136
KING.20180412.03,3,112
KING.20181031.03,1,4
KING.20181031.03,2,3
KING.20181101.01,1,180
KING.20181101.01,2,165
KING.20181101.01,3,181
KING.20190408.01,1,23
KING.20190408.01,2,27
KING.20190408.01,3,35
KING.20190409.02,1,79
KING.20190409.03,1,31
KING.20190409.03,2,29
KING.20190409.03,3,28
KING.20190410.04,1,68
KING.20190410.04,2,85
KING.20190410.04,3,105
KING.20190411.05,1,69
KING.20190411.10,1,151
KING.20191021.01,1,193
KING.20191021.01,2,198
KING.20191021.01,3,124
KING.20191022.02,1,263
KING.20191022.03,1,28
KING.20191022.03,2,14
KING.20191022.03,3,12
KING.20191023.04,1,31
KING.20191023.04,2,12
KING.20191023.04,3,11
KING.20191023.05,1,70
KING.20191024.10,1,3
KING.20200618.01,1,189
KING.20200618.01,2,131
KING.20200618.01,3,81
KING.20201019.01,1,998
KING.20201019.01,2,940
KING.20201020.01,3,808
KING.20201020.03,1,529
KING.20201020.03,2,600
KING.20201020.03,3,267
KING.20201021.04,1,281
KING.20201021.04,2,296
KING.20201021.04,3,447
KING.20201022.06,1,474
KING.20201022.07,1,167
KING.20210429.01,1,243
KING.20210429.01,2,233
KING.20210429.01,3,189
KING.20211018.01,1,985
KING.20211019.02,1,516
KING.20211019.05,1,761
KING.20211020.03,1,414
KING.20211020.03,2,362
KING.20211020.03,3,288
KING.20211021.04,1,361
KING.20211021.04,2,253
KING.20211021.04,3,179
KING.20211025.06,1,528
KING.20220426.07,1,241
KING.20220516.01,1,563
KING.20220516.01,2,353
KING.20220516.01,3,377
KING.20221017.01,1,1118
KING.20221017.01,2,680
KING.20221018.02,1,336
LECO.20161017.01,1,96
LECO.20161017.01,2,44
LECO.20161017.01,3,20
LECO.20161018.03,1,108
LECO.20161018.04,1,47
LECO.20161018.04,2,21
LECO.20161018.04,3,11
LECO.20161018.07,1,106
LECO.20161019.09,1,114
LECO.20161019.10,1,73
LECO.20161019.10,2,37
LECO.20161019.10,3,14
LECO.20171101.01,1,50
LECO.20171101.01,2,21
LECO.20171101.01,3,7
LECO.20171102.02,1,137
LECO.20171102.04,1,38
LECO.20171102.04,2,11
LECO.20171102.04,3,7
LECO.20171103.05,1,117
LECO.20171106.06,1,101
LECO.20171128.10,1,61
LECO.20171128.10,2,22
LECO.20171128.10,3,8
LECO.20180605.01,1,81
LECO.20180605.01,2,27
LECO.20180605.01,3,7
LECO.20180605.03,1,42
LECO.20180606.04,1,68
LECO.20180606.04,2,33
LECO.20180606.04,3,16
LECO.20180606.08,1,29
LECO.20180606.09,1,65
LECO.20180607.10,1,47
LECO.20180607.10,2,40
LECO.20180607.10,3,25
LECO.20181023.01,1,111
LECO.20181023.01,2,36
LECO.20181023.01,3,21
LECO.20181024.03,1,133
LECO.20181024.04,1,70
LECO.20181024.04,2,31
LECO.20181024.04,3,8
LECO.20181024.08,1,42
LECO.20181025.09,1,101
LECO.20181025.10,1,46
LECO.20181025.10,2,18
LECO.20181025.10,3,9
LECO.20190410.01,1,46
LECO.20190410.01,2,15
LECO.20190410.01,3,2
LECO.20190410.02,1,47
LECO.20190411.04,1,27
LECO.20190411.04,2,20
LECO.20190411.04,3,10
LECO.20190411.05,1,83
LECO.20190412.07,1,38
LECO.20190417.10,1,31
LECO.20190417.10,2,14
LECO.20190417.10,3,5
LECO.20191021.01,1,115
LECO.20191021.01,2,57
LECO.20191021.01,3,27
LECO.20191021.02,1,172
LECO.20191022.04,1,57
LECO.20191022.04,2,41
LECO.20191022.04,3,19
LECO.20191022.05,1,224
LECO.20191023.07,1,136
LECO.20191023.10,1,128
LECO.20191023.10,2,47
LECO.20191023.10,3,11
LECO.20210524.01,1,54
LECO.20210524.01,2,23
LECO.20210524.01,3,13
LECO.20210525.03,1,74
LECO.20210525.04,1,33
LECO.20210525.04,2,18
LECO.20210525.04,3,13
LECO.20210525.05,1,104
LECO.20210526.07,1,82
LECO.20210526.10,1,79
LECO.20210526.10,2,25
LECO.20210526.10,3,12
LECO.20211101.03,1,104
LECO.20211102.01,1,84
LECO.20211102.01,2,41
LECO.20211102.01,3,11
LECO.20211102.04,1,80
LECO.20211102.04,2,41
LECO.20211102.04,3,8
LECO.20211103.07,1,87
LECO.20211103.10,1,85
LECO.20211103.10,2,34
LECO.20211103.10,3,17
LECO.20211104.05,1,126
LECO.20220406.01,1,42
LECO.20220406.01,2,24
LECO.20220406.01,3,3
LECO.20220406.02,1,63
LECO.20221031.01,1,104
LECO.20221031.01,2,37
LECO.20221031.01,3,8
LECO.20221101.02,1,101
LECO.20221101.04,1,51
LECO.20221101.04,2,26
LECO.20221101.04,3,8
LECO.20221102.06,1,100
LECO.20221102.08,1,62
LECO.20221102.10,1,95
LECO.20221102.10,2,32
LECO.20221102.10,3,11
LEWI.20170410.01,1,321
LEWI.20170410.01,2,269
LEWI.20170410.01,3,182
LEWI.20170411.04,1,181
LEWI.20170411.04,2,78
LEWI.20170411.04,3,108
LEWI.20170411.05,1,110
LEWI.20170412.06,1,136
LEWI.20170412.07,1,123
LEWI.20170413.09,1,111
LEWI.20170413.09,2,81
LEWI.20170413.09,3,31
LEWI.20171113.01,1,160
LEWI.20171113.01,2,142
LEWI.20171113.01,3,64
LEWI.20171114.04,1,116
LEWI.20171114.04,2,91
LEWI.20171114.04,3,44
LEWI.20171115.05,1,58
LEWI.20171115.06,1,98
LEWI.20171115.07,1,79
LEWI.20171116.09,1,92
LEWI.20171116.09,2,54
LEWI.20171116.09,3,33
LEWI.20180409.01,1,127
LEWI.20180409.01,2,98
LEWI.20180409.01,3,55
LEWI.20180409.02,1,112
LEWI.20180410.03,1,95
LEWI.20180410.04,1,80
LEWI.20180410.04,2,45
LEWI.20180410.04,3,40
LEWI.20180411.08,1,66
LEWI.20180411.09,1,49
LEWI.20180411.09,2,28
LEWI.20180411.09,3,26
LEWI.20181029.01,1,102
LEWI.20181029.01,2,57
LEWI.20181029.01,3,49
LEWI.20181029.02,1,72
LEWI.20181030.03,1,89
LEWI.20181030.04,1,84
LEWI.20181030.04,2,61
LEWI.20181030.04,3,44
LEWI.20181031.08,1,72
LEWI.20181031.09,1,60
LEWI.20181031.09,2,40
LEWI.20181031.09,3,17
LEWI.20190416.01,1,59
LEWI.20190416.01,2,50
LEWI.20190416.01,3,43
LEWI.20190417.04,1,63
LEWI.20190417.04,2,41
LEWI.20190417.04,3,26
LEWI.20190417.05,1,72
LEWI.20190418.06,1,78
LEWI.20190418.09,1,48
LEWI.20190418.09,2,32
LEWI.20190418.09,3,31
LEWI.20190419.10,1,68
LEWI.20191029.01,1,126
LEWI.20191029.01,2,104
LEWI.20191029.01,3,68
LEWI.20191030.04,1,153
LEWI.20191030.04,2,77
LEWI.20191030.04,3,46
LEWI.20191030.05,1,69
LEWI.20191030.06,1,73
LEWI.20191101.09,1,116
LEWI.20191101.09,2,56
LEWI.20191101.09,3,27
LEWI.20201026.01,1,127
LEWI.20201026.01,2,116
LEWI.20201026.01,3,54
LEWI.20201026.02,1,107
LEWI.20201027.03,1,132
LEWI.20201027.04,1,93
LEWI.20201027.04,2,81
LEWI.20201027.04,3,64
LEWI.20201028.07,1,65
LEWI.20201028.09,1,63
LEWI.20201028.09,2,40
LEWI.20201028.09,3,29
LEWI.20210412.01,1,154
LEWI.20210412.01,2,123
LEWI.20210412.01,3,78
LEWI.20210413.04,1,110
LEWI.20210413.04,2,102
LEWI.20210413.04,3,71
LEWI.20210413.06,1,58
LEWI.20210414.08,1,78
LEWI.20210415.09,1,81
LEWI.20210415.09,2,31
LEWI.20210415.09,3,23
LEWI.20210415.10,1,59
LEWI.20211108.01,1,151
LEWI.20211108.01,2,90
LEWI.20211108.01,3,73
LEWI.20211109.04,1,134
LEWI.20211109.04,2,68
LEWI.20211109.04,3,63
LEWI.20211109.06,1,132
LEWI.20211110.08,1,119
LEWI.20211110.09,1,121
LEWI.20211110.09,2,58
LEWI.20211110.09,3,37
LEWI.20211111.10,1,109
LEWI.20220411.01,1,57
LEWI.20220411.01,2,63
LEWI.20220411.01,3,34
LEWI.20220411.03,1,60
LEWI.20220412.04,1,92
LEWI.20220412.04,2,56
LEWI.20220412.04,3,30
LEWI.20220412.05,1,60
LEWI.20220413.07,1,69
LEWI.20220413.09,1,57
LEWI.20220413.09,2,50
LEWI.20220413.09,3,21
LEWI.20221107.01,1,36
LEWI.20221107.01,2,48
LEWI.20221107.01,3,25
LEWI.20221107.03,1,49
LEWI.20221108.04,1,57
LEWI.20221108.04,2,32
LEWI.20221108.04,3,23
LEWI.20221108.05,1,35
LEWI.20221109.07,1,36
LEWI.20221109.09,1,86
LEWI.20221109.09,2,22
LEWI.20221109.09,3,32
MART.20181015.01,1,65
MART.20181015.01,2,37
MART.20181015.01,3,18
MART.20181016.03,1,79
MART.20181016.03,2,27
MART.20181016.03,3,25
MART.20181017.07,1,51
MART.20181017.07,2,27
MART.20181017.07,3,4
MART.20181017.09,1,33
MART.20181018.04,1,122
MART.20181018.05,1,12
MART.20191014.01,1,27
MART.20191014.01,2,14
MART.20191014.01,3,5
MART.20191015.02,1,42
MART.20191016.03,1,32
MART.20191016.03,2,12
MART.20191016.03,3,13
MART.20191016.06,1,27
MART.20191017.07,1,34
MART.20191017.07,2,15
MART.20191017.07,3,12
MART.20191017.08,1,34
MART.20200927.01,1,14
MART.20200927.01,2,10
MART.20200927.01,3,5
MART.20200928.03,1,12
MART.20200928.03,2,20
MART.20200928.03,3,9
MART.20200930.05,1,25
MART.20200930.06,1,14
MART.20201001.07,1,21
MART.20201001.07,2,9
MART.20201001.07,3,2
MART.20201001.09,1,20
MART.20221010.01,1,25
MART.20221010.01,2,20
MART.20221010.01,3,9
MART.20221011.03,1,22
MART.20221011.03,2,13
MART.20221011.03,3,4
MART.20221011.04,1,18
MART.20221012.07,1,29
MART.20221012.07,2,18
MART.20221012.07,3,4
MART.20221012.08,1,27
MAYF.20160405.02,1,46
MAYF.20160405.02,2,45
MAYF.20160406.04,1,33
MAYF.20160407.06,1,51
MAYF.20160407.07,1,52
MAYF.20160408.08,1,80
MAYF.20160408.09,1,19
MAYF.20160408.09,2,12
MAYF.20160408.09,3,6
MAYF.20161031.02,1,161
MAYF.20161031.02,2,82
MAYF.20161031.02,3,48
MAYF.20161101.04,1,113
MAYF.20161101.06,1,114
MAYF.20161102.07,1,117
MAYF.20161102.07,2,52
MAYF.20161102.07,3,33
MAYF.20161103.08,1,109
MAYF.20161103.09,1,54
MAYF.20161103.09,2,36
MAYF.20161103.09,3,21
MAYF.20170327.01,1,94
MAYF.20170328.02,1,23
MAYF.20170328.02,2,31
MAYF.20170328.02,3,14
MAYF.20170328.03,1,21
MAYF.20170329.07,1,18
MAYF.20170329.07,2,11
MAYF.20170329.07,3,16
MAYF.20170330.09,1,26
MAYF.20170330.09,2,11
MAYF.20170330.09,3,6
MAYF.20170331.10,1,26
MAYF.20171106.01,1,193
MAYF.20180402.02,1,72
MAYF.20180402.02,2,17
MAYF.20180402.02,3,27
MAYF.20180403.04,1,29
MAYF.20180403.05,1,26
MAYF.20180403.06,1,33
MAYF.20180404.07,1,45
MAYF.20180404.07,2,17
MAYF.20180404.07,3,18
MAYF.20180405.09,1,38
MAYF.20180405.09,2,21
MAYF.20180405.09,3,12
MAYF.20181126.02,1,96
MAYF.20181126.02,2,49
MAYF.20181126.02,3,33
MAYF.20181127.04,1,77
MAYF.20181128.07,1,91
MAYF.20181128.07,2,24
MAYF.20181128.07,3,22
MAYF.20181129.09,1,80
MAYF.20181129.09,2,25
MAYF.20181129.09,3,24
MAYF.20190326.01,1,43
MAYF.20190327.02,1,18
MAYF.20190327.02,2,26
MAYF.20190327.02,3,10
MAYF.20190327.03,1,46
MAYF.20190328.07,1,44
MAYF.20190328.07,2,31
MAYF.20190328.07,3,19
MAYF.20190329.08,1,50
MAYF.20190329.09,1,13
MAYF.20190329.09,2,6
MAYF.20190329.09,3,8
MAYF.20191118.01,1,179
MAYF.20191119.02,1,122
MAYF.20191119.02,2,109
MAYF.20191119.02,3,63
MAYF.20191120.03,1,65
MAYF.20191120.07,1,66
MAYF.20191120.07,2,34
MAYF.20191120.07,3,34
MAYF.20191121.08,1,53
MAYF.20191121.09,1,39
MAYF.20191121.09,2,35
MAYF.20191121.09,3,18
MAYF.20201203.02,1,40
MAYF.20201203.02,2,23
MAYF.20201203.02,3,21
MAYF.20210329.01,1,53
MAYF.20210329.02,1,22
MAYF.20210329.02,2,11
MAYF.20210330.06,1,24
MAYF.20210330.07,1,45
MAYF.20210420.01,1,45
MAYF.20210420.02,1,27
MAYF.20210421.06,1,27
MAYF.20210421.07,1,26
MAYF.20210421.07,2,21
MAYF.20210421.07,3,6
MAYF.20210422.02,2,16
MAYF.20210422.02,3,16
MAYF.20210422.08,1,32
MAYF.20210423.09,1,13
MAYF.20210423.09,2,5
MAYF.20210423.09,3,7
MAYF.20211025.01,1,56
MAYF.20211025.02,1,54
MAYF.20211025.02,3,24
MAYF.20211026.06,1,45
MAYF.20211026.07,1,54
MAYF.20211026.07,2,36
MAYF.20211026.07,3,10
MAYF.20211027.08,1,73
MAYF.20211027.09,1,25
MAYF.20211027.09,2,21
MAYF.20211027.09,3,15
MAYF.20211028.02,2,22
MAYF.20220412.02,1,25
MAYF.20220412.02,2,14
MAYF.20220412.02,3,17
MAYF.20220413.03,1,26
MAYF.20220413.05,1,26
MAYF.20221114.02,1,76
MAYF.20221114.02,2,60
MAYF.20221114.02,3,31
MAYF.20221116.03,1,119
MAYF.20221116.05,1,75
MAYF.20221117.07,1,125
MAYF.20221117.07,2,64
MAYF.20221117.07,3,48
MAYF.20221118.09,1,55
MAYF.20221118.09,2,27
MAYF.20221118.09,3,23
MAYF.20221118.10,1,88
MCDI.20170419.02,1,85
MCDI.20170419.02,2,38
MCDI.20170419.02,3,23
MCDI.20170420.03,1,41
MCDI.20170420.04,1,84
MCDI.20170420.04,2,16
MCDI.20170420.04,3,13
MCDI.20171024.02,1,159
MCDI.20171024.02,2,125
MCDI.20171024.02,3,140
MCDI.20171025.03,1,96
MCDI.20171026.04,1,242
MCDI.20171026.04,2,171
MCDI.20171026.04,3,164
MCDI.20180417.01,1,277
MCDI.20180418.02,1,92
MCDI.20180418.02,2,91
MCDI.20180418.02,3,79
MCDI.20180419.04,1,108
MCDI.20180419.04,2,57
MCDI.20180419.04,3,88
MCDI.20181023.01,1,47
MCDI.20181024.02,1,97
MCDI.20181024.02,2,55
MCDI.20181024.02,3,73
MCDI.20181026.04,1,126
MCDI.20181026.04,2,104
MCDI.20181026.04,3,108
MCDI.20190417.02,1,76
MCDI.20190417.02,2,78
MCDI.20190417.02,3,74
MCDI.20190418.04,1,106
MCDI.20190418.04,2,49
MCDI.20190418.04,3,45
MCDI.20190419.05,1,102
MCDI.20191031.02,1,104
MCDI.20191031.02,2,52
MCDI.20191031.02,3,32
MCDI.20191101.04,1,70
MCDI.20191101.04,2,53
MCDI.20191101.04,3,28
MCDI.20191104.05,1,31
MCDI.20200616.02,1,102
MCDI.20200616.02,2,62
MCDI.20200616.02,3,33
MCDI.20201029.01,1,766
MCDI.20201030.02,1,124
MCDI.20201030.02,2,161
MCDI.20201030.02,3,156
MCDI.20201102.04,1,261
MCDI.20201102.04,2,297
MCDI.20201102.04,3,162
MCDI.20210428.02,1,365
MCDI.20210428.02,2,152
MCDI.20210428.02,3,85
MCDI.20211026.02,1,37
MCDI.20211026.02,2,44
MCDI.20211026.02,3,50
MCDI.20211028.03,1,33
MCDI.20220504.02,1,149
MCDI.20220504.02,2,123
MCDI.20221025.02,1,131
MCDI.20221025.02,2,96
MCDI.20221026.05,1,662
MCRA.20171002.06,1,17
MCRA.20171002.06,2,25
MCRA.20171002.06,3,12
MCRA.20171002.07,1,40
MCRA.20171003.01,1,45
MCRA.20171003.04,1,31
MCRA.20171003.04,2,24
MCRA.20171003.04,3,13
MCRA.20171004.08,1,48
MCRA.20171004.08,2,14
MCRA.20171004.08,3,2
MCRA.20171004.09,1,32
MCRA.20181001.02,1,45
MCRA.20181001.04,1,52
MCRA.20181001.04,2,24
MCRA.20181001.04,3,6
MCRA.20181002.05,1,27
MCRA.20181002.06,1,19
MCRA.20181002.06,2,14
MCRA.20181002.06,3,5
MCRA.20181002.10,1,24
MCRA.20181003.08,1,36
MCRA.20181003.08,2,11
MCRA.20181003.08,3,16
MCRA.20191007.01,1,29
MCRA.20191008.03,1,35
MCRA.20191008.04,1,37
MCRA.20191008.04,2,18
MCRA.20191008.04,3,8
MCRA.20191010.06,1,18
MCRA.20191010.06,2,11
MCRA.20191010.06,3,13
MCRA.20191010.07,1,46
MCRA.20191011.08,1,31
MCRA.20191011.08,2,7
MCRA.20191011.08,3,4
MCRA.20211102.02,1,17
MCRA.20211102.04,1,10
MCRA.20211102.04,2,6
MCRA.20211102.04,3,8
MCRA.20211103.06,1,7
MCRA.20211103.06,2,8
MCRA.20211103.06,3,11
MCRA.20211103.08,1,9
MCRA.20211103.08,2,5
MCRA.20211103.08,3,3
MCRA.20220927.03,1,20
MCRA.20220928.04,1,23
MCRA.20220928.04,2,16
MCRA.20220928.04,3,14
MCRA.20220928.05,1,22
OKSR.20190605.02,1,1
OKSR.20190605.03,1,1
OKSR.20190605.03,2,1
OKSR.20190606.09,2,2
OKSR.20190606.09,3,2
OKSR.20210811.03,1,12
OKSR.20210811.03,2,3
OKSR.20210811.03,3,27
OKSR.20210811.04,1,6
OKSR.20210812.06,1,7
OKSR.20210812.06,2,11
OKSR.20210812.06,3,19
OKSR.20210812.07,1,9
OKSR.20220815.03,1,7
OKSR.20220815.03,2,10
OKSR.20220815.03,3,12
OKSR.20220816.05,1,1
OKSR.20220816.06,1,9
OKSR.20220816.06,2,14
OKSR.20220816.06,3,6
OKSR.20220817.09,1,8
OKSR.20220817.09,2,4
OKSR.20220817.09,3,4
OKSR.20220817.10,1,5
POSE.20160504.02,1,57
POSE.20160505.03,1,139
POSE.20161115.04,1,105
POSE.20161116.02,1,160
POSE.20161116.02,2,70
POSE.20161116.02,3,66
POSE.20161116.06,1,298
POSE.20161117.07,1,174
POSE.20161117.07,2,104
POSE.20161117.07,3,66
POSE.20161117.10,1,126
POSE.20161118.09,1,256
POSE.20161118.09,2,107
POSE.20161118.09,3,54
POSE.20170403.01,1,105
POSE.20170403.02,1,58
POSE.20170403.02,2,31
POSE.20170403.02,3,18
POSE.20170404.05,1,201
POSE.20170404.07,1,99
POSE.20170404.07,2,42
POSE.20170404.07,3,17
POSE.20170405.08,1,110
POSE.20170405.09,1,63
POSE.20170405.09,2,33
POSE.20170405.09,3,40
POSE.20171030.01,1,92
POSE.20171030.02,1,61
POSE.20171030.02,2,40
POSE.20171030.02,3,25
POSE.20171031.05,1,164
POSE.20171031.07,1,63
POSE.20171031.07,2,43
POSE.20171031.07,3,32
POSE.20171101.08,1,68
POSE.20171101.09,1,67
POSE.20171101.09,2,31
POSE.20171101.09,3,22
POSE.20180402.02,1,63
POSE.20180402.02,2,30
POSE.20180402.02,3,29
POSE.20180402.03,1,74
POSE.20180403.06,1,128
POSE.20180403.07,1,47
POSE.20180403.07,2,27
POSE.20180403.07,3,22
POSE.20180404.09,1,40
POSE.20180404.09,2,23
POSE.20180404.09,3,15
POSE.20180404.10,1,65
POSE.20181112.02,1,81
POSE.20181112.02,2,48
POSE.20181112.02,3,37
POSE.20181112.03,1,97
POSE.20181113.06,1,108
POSE.20181113.07,1,68
POSE.20181113.07,2,53
POSE.20181113.07,3,27
POSE.20181114.09,1,84
POSE.20181114.09,2,41
POSE.20181114.09,3,21
POSE.20181114.10,1,78
POSE.20190408.01,1,96
POSE.20190408.02,1,65
POSE.20190408.02,2,40
POSE.20190408.02,3,23
POSE.20190409.04,1,117
POSE.20190409.05,1,114
POSE.20190410.07,1,118
POSE.20190410.07,2,74
POSE.20190410.07,3,46
POSE.20190411.09,1,85
POSE.20190411.09,2,40
POSE.20190411.09,3,21
POSE.20191111.01,1,123
POSE.20191111.02,1,93
POSE.20191111.02,2,51
POSE.20191111.02,3,46
POSE.20191112.04,1,118
POSE.20191112.05,1,120
POSE.20191112.07,1,101
POSE.20191112.07,2,34
POSE.20191112.07,3,25
POSE.20191114.09,1,95
POSE.20191114.09,2,49
POSE.20191114.09,3,29
POSE.20201109.02,1,106
POSE.20201109.02,2,62
POSE.20201109.02,3,31
POSE.20201109.03,1,41
POSE.20201109.06,1,85
POSE.20201110.07,1,71
POSE.20201110.07,2,58
POSE.20201110.07,3,29
POSE.20201110.08,1,40
POSE.20201111.09,1,66
POSE.20201111.09,2,50
POSE.20201111.09,3,8
POSE.20210405.01,1,122
POSE.20210405.02,1,64
POSE.20210405.02,2,26
POSE.20210405.02,3,23
POSE.20210406.04,1,65
POSE.20210406.07,1,71
POSE.20210406.07,2,30
POSE.20210406.07,3,23
POSE.20210407.09,1,72
POSE.20210407.09,2,32
POSE.20210407.09,3,25
POSE.20210407.10,1,62
POSE.20211025.01,1,86
POSE.20211025.02,1,58
POSE.20211025.02,2,32
POSE.20211025.02,3,20
POSE.20211026.04,1,38
POSE.20211026.07,1,77
POSE.20211026.07,2,34
POSE.20211026.07,3,19
POSE.20211027.09,1,69
POSE.20211027.09,2,49
POSE.20211027.09,3,34
POSE.20211027.10,1,82
POSE.20220404.02,1,55
POSE.20220404.02,2,17
POSE.20220404.02,3,11
POSE.20220404.03,1,46
POSE.20220405.05,1,82
POSE.20220405.07,1,48
POSE.20220405.07,2,19
POSE.20220405.07,3,9
POSE.20220406.08,1,23
POSE.20220406.09,1,30
POSE.20220406.09,2,7
POSE.20220406.09,3,8
POSE.20221031.02,1,56
POSE.20221031.02,2,25
POSE.20221031.02,3,13
POSE.20221031.03,1,53
POSE.20221101.07,1,79
POSE.20221101.07,2,29
POSE.20221101.07,3,18
POSE.20221102.08,1,58
POSE.20221102.09,1,83
POSE.20221102.09,2,41
POSE.20221102.09,3,38
POSE.20221103.05,1,90
PRIN.20170227.05,1,105
PRIN.20170228.03,1,63
PRIN.20170228.03,2,71
PRIN.20170228.03,3,63
PRIN.20170301.07,1,68
PRIN.20170301.07,2,57
PRIN.20170301.07,3,62
PRIN.20170302.10,1,83
PRIN.20170302.10,2,47
PRIN.20170302.10,3,41
PRIN.20170303.09,1,156
PRIN.20171113.02,1,142
PRIN.20171114.03,1,188
PRIN.20171114.03,2,149
PRIN.20171114.03,3,90
PRIN.20171115.05,1,264
PRIN.20171115.07,1,181
PRIN.20171115.07,2,193
PRIN.20171115.07,3,122
PRIN.20171116.09,1,159
PRIN.20171116.10,1,90
PRIN.20171116.10,2,72
PRIN.20171116.10,3,50
PRIN.20180319.01,1,17
PRIN.20180320.03,1,43
PRIN.20180320.03,2,31
PRIN.20180320.03,3,28
PRIN.20180321.07,1,58
PRIN.20180321.07,2,28
PRIN.20180321.07,3,29
PRIN.20180321.08,1,12
PRIN.20180322.04,1,54
PRIN.20180322.10,1,19
PRIN.20180322.10,2,15
PRIN.20180322.10,3,8
PRIN.20181113.07,1,60
PRIN.20181113.07,2,29
PRIN.20181113.07,3,31
PRIN.20181113.08,1,27
PRIN.20181114.01,1,9
PRIN.20181114.03,1,30
PRIN.20181114.03,2,34
PRIN.20181114.03,3,14
PRIN.20181114.04,1,42
PRIN.20181115.10,1,19
PRIN.20181115.10,2,36
PRIN.20181115.10,3,16
PRIN.20190225.05,1,67
PRIN.20190226.02,1,22
PRIN.20190226.03,1,37
PRIN.20190226.03,2,41
PRIN.20190226.03,3,27
PRIN.20190227.10,1,24
PRIN.20190227.10,2,21
PRIN.20190227.10,3,17
PRIN.20190228.07,1,63
PRIN.20190228.07,2,35
PRIN.20190228.07,3,36
PRIN.20190301.06,1,135
PRIN.20191118.02,1,22
PRIN.20191118.03,1,44
PRIN.20191118.03,2,28
PRIN.20191118.03,3,19
PRIN.20191119.05,1,95
PRIN.20191119.06,1,165
PRIN.20191119.07,1,218
PRIN.20191119.07,2,190
PRIN.20191119.07,3,37
PRIN.20191120.10,1,16
PRIN.20191120.10,2,18
PRIN.20191120.10,3,14
PRIN.20200309.01,1,112
PRIN.20200310.03,1,38
PRIN.20200310.03,2,101
PRIN.20200310.03,3,39
PRIN.20200310.04,1,155
PRIN.20200311.10,1,41
PRIN.20200311.10,2,38
PRIN.20200311.10,3,18
PRIN.20200312.07,1,109
PRIN.20200312.07,2,93
PRIN.20200312.07,3,59
PRIN.20200312.09,1,105
PRIN.20211115.02,1,105
PRIN.20211116.03,1,261
PRIN.20211116.03,2,215
PRIN.20211116.03,3,177
PRIN.20211116.06,1,132
PRIN.20211117.07,1,164
PRIN.20211117.07,2,249
PRIN.20211117.07,3,115
PRIN.20211118.08,1,206
PRIN.20211119.10,1,335
PRIN.20211119.10,2,173
PRIN.20211119.10,3,108
REDB.20161019.01,1,24
REDB.20161020.02,1,20
REDB.20161020.02,2,11
REDB.20161020.02,3,9
REDB.20161020.09,1,31
REDB.20161021.05,1,31
REDB.20161021.05,2,16
REDB.20161021.05,3,9
REDB.20161022.07,1,18
REDB.20161022.07,2,14
REDB.20161022.07,3,10
REDB.20161022.10,1,18
REDB.20170414.10,1,15
REDB.20171018.01,1,20
REDB.20171019.02,1,5
REDB.20171019.02,2,6
REDB.20171019.02,3,8
REDB.20171019.05,1,17
REDB.20171019.05,2,5
REDB.20171020.07,1,12
REDB.20171020.07,2,17
REDB.20171020.07,3,8
REDB.20171020.09,1,7
REDB.20171020.10,1,6
REDB.20171021.05,1,13
REDB.20171021.05,2,2
REDB.20171021.05,3,2
REDB.20180423.02,2,1
REDB.20180423.02,3,1
REDB.20180424.04,1,3
REDB.20180425.06,1,2
REDB.20180425.07,1,2
REDB.20180425.07,2,3
REDB.20180425.07,3,1
REDB.20180427.05,1,2
REDB.20180427.05,2,1
REDB.20180427.05,3,1
REDB.20181015.02,2,1
REDB.20181016.03,1,2
REDB.20181016.04,1,2
REDB.20181017.05,1,2
REDB.20181017.05,2,1
REDB.20181017.06,1,9
REDB.20181018.07,1,6
REDB.20181018.07,2,3
REDB.20181018.07,3,4
REDB.20191014.01,1,5
REDB.20191014.02,1,14
REDB.20191014.02,2,3
REDB.20191014.02,3,3
REDB.20191015.05,1,6
REDB.20191015.05,2,2
REDB.20191015.05,3,1
REDB.20191016.07,1,4
REDB.20191016.07,2,5
REDB.20191016.07,3,2
REDB.20191016.08,1,3
REDB.20191016.09,1,4
REDB.20221024.02,1,3
REDB.20221024.02,3,2
REDB.20221025.03,1,5
REDB.20221025.04,1,1
REDB.20221026.05,1,1
REDB.20221026.05,2,1
REDB.20221027.07,1,3
REDB.20221027.07,3,1
REDB.20221027.10,1,4
SYCA.20190220.04,1,2
SYCA.20190220.04,2,2
SYCA.20190220.04,3,2
SYCA.20190625.03,1,34
SYCA.20190625.04,1,158
SYCA.20190625.04,2,95
SYCA.20190625.04,3,69
SYCA.20190626.06,1,135
SYCA.20190626.06,2,99
SYCA.20190626.06,3,56
SYCA.20190626.07,1,6
SYCA.20190627.09,1,711
SYCA.20190627.10,1,296
SYCA.20190627.10,2,121
SYCA.20190627.10,3,95
SYCA.20200203.01,1,33
SYCA.20200203.02,1,116
SYCA.20200204.04,1,33
SYCA.20200204.04,2,46
SYCA.20200204.04,3,41
SYCA.20200205.06,1,112
SYCA.20200205.06,2,51
SYCA.20200205.06,3,112
SYCA.20200205.08,1,39
SYCA.20200206.10,1,137
SYCA.20200206.10,2,102
SYCA.20200206.10,3,69
SYCA.20201014.06,1,705
SYCA.20201014.06,2,501
SYCA.20201014.06,3,339
SYCA.20220131.01,1,54
SYCA.20220201.06,1,54
SYCA.20220201.06,2,146
SYCA.20220201.06,3,52
SYCA.20220202.04,1,533
SYCA.20220202.04,2,287
SYCA.20220202.04,3,167
SYCA.20220203.10,1,158
SYCA.20220203.10,2,125
SYCA.20220203.10,3,232
SYCA.20220628.06,1,461
SYCA.20220628.06,2,419
SYCA.20220629.04,1,666
SYCA.20220629.04,2,398
SYCA.20220630.09,1,426
TECR.20191014.01,1,27
TECR.20191014.01,2,24
TECR.20191014.01,3,13
TECR.20191015.03,1,46
TECR.20191015.05,1,53
TECR.20191015.05,2,26
TECR.20191015.05,3,26
TECR.20191016.06,1,53
TECR.20191016.06,2,38
TECR.20191016.06,3,20
TECR.20191016.07,1,106
TECR.20191017.09,1,58
TECR.20210601.01,1,55
TECR.20210601.01,2,20
TECR.20210601.01,3,20
TECR.20210602.02,1,51
TECR.20210602.09,1,62
TECR.20210603.05,1,73
TECR.20210603.05,2,24
TECR.20210603.05,3,19
TECR.20210604.06,1,68
TECR.20210604.06,2,27
TECR.20210604.06,3,14
TECR.20220516.08,1,33
TECR.20220517.04,1,39
TECR.20220517.05,1,51
TECR.20220517.05,2,20
TECR.20220517.05,3,17
TECR.20220518.03,1,55
TECR.20220518.06,1,65
TECR.20220518.06,2,26
TECR.20220518.06,3,13
TECR.20221012.05,1,44
TECR.20221012.05,2,22
TECR.20221012.05,3,22
WALK.20160329.01,1,93
WALK.20160329.01,2,44
WALK.20160329.01,3,10
WALK.20160330.03,1,13
WALK.20161102.01,1,83
WALK.20161102.01,2,20
WALK.20161102.01,3,10
WALK.20161102.02,1,41
WALK.20170314.01,1,168
WALK.20170314.01,2,33
WALK.20170314.01,3,18
WALK.20170315.03,1,112
WALK.20170315.03,2,35
WALK.20170315.03,3,18
WALK.20170315.04,1,189
WALK.20170315.05,1,57
WALK.20170315.05,2,33
WALK.20170315.05,3,11
WALK.20170315.07,1,22
WALK.20170316.05,1,114
WALK.20170316.05,2,66
WALK.20170316.05,3,22
WALK.20170316.07,1,44
WALK.20171024.01,1,210
WALK.20171024.01,2,55
WALK.20171024.01,3,28
WALK.20171025.03,1,107
WALK.20171025.03,2,32
WALK.20171025.03,3,9
WALK.20171025.04,1,91
WALK.20171026.05,1,162
WALK.20171026.05,2,50
WALK.20171026.05,3,15
WALK.20171026.07,1,42
WALK.20180320.01,1,39
WALK.20180320.01,2,29
WALK.20180320.01,3,16
WALK.20180320.02,1,73
WALK.20180321.03,1,45
WALK.20180321.03,2,7
WALK.20180328.05,1,34
WALK.20180328.05,2,22
WALK.20180328.05,3,13
WALK.20180329.06,1,98
WALK.20180329.08,1,10
WALK.20181106.01,1,101
WALK.20181106.01,2,27
WALK.20181106.01,3,9
WALK.20181106.02,1,103
WALK.20181107.03,1,97
WALK.20181107.03,2,18
WALK.20181107.04,3,4
WALK.20181107.05,1,93
WALK.20181107.05,2,24
WALK.20181107.05,3,4
WALK.20181108.06,1,155
WALK.20181108.08,1,25
WALK.20190319.01,1,61
WALK.20190319.01,2,18
WALK.20190319.01,3,8
WALK.20190320.03,1,44
WALK.20190320.03,2,14
WALK.20190320.03,3,3
WALK.20190320.05,1,40
WALK.20190320.05,2,15
WALK.20190320.05,3,5
WALK.20190321.07,1,35
WALK.20190321.09,1,23
WALK.20190321.10,1,4
WALK.20191105.01,1,136
WALK.20191105.01,2,37
WALK.20191105.01,3,9
WALK.20191106.03,1,63
WALK.20191106.03,2,11
WALK.20191106.03,3,2
WALK.20191106.05,1,88
WALK.20191106.05,2,25
WALK.20191106.05,3,12
WALK.20191107.07,1,55
WALK.20191107.09,1,42
WALK.20191107.10,1,5
WALK.20200318.01,1,39
WALK.20200318.01,2,27
WALK.20200318.01,3,8
WALK.20200318.02,1,66
WALK.20200319.03,1,44
WALK.20200319.03,2,13
WALK.20200319.03,3,7
WALK.20200319.04,1,46
WALK.20200320.05,1,61
WALK.20201102.01,1,105
WALK.20201102.01,2,54
WALK.20201102.01,3,27
WALK.20201102.02,1,97
WALK.20201103.03,1,67
WALK.20201103.03,2,28
WALK.20201103.03,3,13
WALK.20201103.04,1,89
WALK.20201104.05,1,114
WALK.20201104.05,2,53
WALK.20201104.05,3,20
WALK.20201104.08,1,59
WALK.20210324.05,1,70
WALK.20210324.05,2,26
WALK.20210324.05,3,14
WALK.20211109.01,1,92
WALK.20211109.01,2,21
WALK.20211109.01,3,6
WALK.20211109.03,1,34
WALK.20211109.03,2,20
WALK.20211109.03,3,3
WALK.20211110.05,1,107
WALK.20211110.05,2,27
WALK.20211110.05,3,7
WALK.20211110.07,1,44
WALK.20211111.09,1,34
WALK.20211111.10,1,11
WALK.20220322.01,1,40
WALK.20220322.01,2,19
WALK.20220322.01,3,2
WALK.20220322.03,1,32
WALK.20220322.03,2,8
WALK.20220322.03,3,2
WALK.20220323.04,1,51
WALK.20220324.05,1,59
WALK.20220324.05,2,23
WALK.20220324.05,3,11
WALK.20220324.07,1,22
WALK.20220324.08,1,31
WALK.20221108.01,1,169
WALK.20221108.01,2,58
WALK.20221108.01,3,29
WALK.20221108.03,1,58
WALK.20221108.03,2,28
WALK.20221108.03,3,9
WALK.20221109.04,1,124
WALK.20221109.05,1,131
WALK.20221109.05,2,42
WALK.20221109.05,3,20
WALK.20221110.07,1,44
WALK.20221110.08,1,49
WLOU.20170605.01,1,1
WLOU.20170605.01,2,4
WLOU.20170605.02,1,3
WLOU.20170605.08,1,2
WLOU.20170605.09,1,1
WLOU.20170606.04,1,6
WLOU.20170606.04,2,4
WLOU.20170606.04,3,3
WLOU.20170607.07,1,9
WLOU.20170607.07,2,2
WLOU.20170607.07,3,1
WLOU.20170927.01,1,5
WLOU.20170927.01,2,5
WLOU.20170927.01,3,7
WLOU.20170927.02,1,9
WLOU.20170927.04,1,31
WLOU.20170927.04,2,8
WLOU.20170927.04,3,4
WLOU.20170928.07,1,13
WLOU.20170928.07,2,6
WLOU.20170928.07,3,5
WLOU.20170928.08,1,8
WLOU.20170928.09,1,6
WLOU.20180529.01,1,7
WLOU.20180529.01,2,3
WLOU.20180529.03,1,6
WLOU.20180530.04,1,6
WLOU.20180530.04,2,7
WLOU.20180530.04,3,5
WLOU.20180530.05,1,3
WLOU.20180531.07,1,2
WLOU.20180531.07,2,5
WLOU.20180531.07,3,2
WLOU.20180531.10,1,1
WLOU.20180924.01,1,7
WLOU.20180924.01,2,7
WLOU.20180924.01,3,3
WLOU.20180924.03,1,22
WLOU.20180925.04,1,20
WLOU.20180925.04,2,5
WLOU.20180925.04,3,5
WLOU.20180925.05,1,22
WLOU.20180925.07,1,22
WLOU.20180925.07,2,1
WLOU.20180925.10,1,3
WLOU.20190923.01,1,15
WLOU.20190923.01,2,14
WLOU.20190923.01,3,6
WLOU.20190923.02,1,32
WLOU.20190924.04,1,31
WLOU.20190924.04,2,7
WLOU.20190924.04,3,14
WLOU.20190924.06,1,25
WLOU.20190925.07,1,17
WLOU.20190925.07,2,3
WLOU.20190925.07,3,5
WLOU.20190925.09,1,11
WLOU.20210525.01,1,4
WLOU.20210525.01,2,6
WLOU.20210525.01,3,4
WLOU.20210525.04,1,7
WLOU.20210525.04,2,5
WLOU.20210525.04,3,4
WLOU.20210526.05,1,4
WLOU.20210526.07,1,10
WLOU.20210526.07,2,4
WLOU.20210526.07,3,4
WLOU.20210526.08,1,2
WLOU.20210927.01,1,8
WLOU.20210927.01,2,15
WLOU.20210927.01,3,6
WLOU.20210928.04,1,15
WLOU.20210928.04,2,16
WLOU.20210928.04,3,10
WLOU.20210928.05,1,21
WLOU.20210928.08,1,6
WLOU.20210929.07,1,20
WLOU.20210929.07,2,10
WLOU.20210929.07,3,5
WLOU.20210929.10,1,5
WLOU.20220711.01,1,8
WLOU.20220711.01,3,4
WLOU.20220711.02,1,4
WLOU.20220712.03,1,10
WLOU.20220712.04,1,10
WLOU.20220712.04,2,7
WLOU.20220712.04,3,8
WLOU.20220713.06,1,9
WLOU.20220713.07,1,3
WLOU.20220713.07,2,5
WLOU.20220713.07,3,4
WLOU.20220919.01,1,9
WLOU.20220919.01,2,11
WLOU.20220919.01,3,6
WLOU.20220920.04,1,21
WLOU.20220920.04,2,16
WLOU.20220920.04,3,6
WLOU.20220920.07,1,25
WLOU.20220920.07,2,9
WLOU.20220920.07,3,5
WLOU.20220921.08,1,13
WLOU.20220921.09,1,7
WLOU.20220922.10,1,1
